{
  "Delete Booking" : {
    "transaction" : "Delete Booking",
    "sampleCount" : 5100,
    "errorCount" : 0,
    "errorPct" : 0.0,
    "meanResTime" : 19191.979803921502,
    "medianResTime" : 19118.5,
    "minResTime" : 3519.0,
    "maxResTime" : 29678.0,
    "pct1ResTime" : 27342.0,
    "pct2ResTime" : 27393.0,
    "pct3ResTime" : 27455.0,
    "throughput" : 74.9746409302736,
    "receivedKBytesPerSec" : 18.157920850300634,
    "sentKBytesPerSec" : 17.644106818649576
  },
  "Total" : {
    "transaction" : "Total",
    "sampleCount" : 30600,
    "errorCount" : 0,
    "errorPct" : 0.0,
    "meanResTime" : 12620.43454248363,
    "medianResTime" : 13530.5,
    "minResTime" : 261.0,
    "maxResTime" : 45409.0,
    "pct1ResTime" : 27189.9,
    "pct2ResTime" : 27365.0,
    "pct3ResTime" : 41058.95000000001,
    "throughput" : 284.9666142054926,
    "receivedKBytesPerSec" : 102.22353334737988,
    "sentKBytesPerSec" : 86.96163514727931
  },
  "Create Booking" : {
    "transaction" : "Create Booking",
    "sampleCount" : 5100,
    "errorCount" : 0,
    "errorPct" : 0.0,
    "meanResTime" : 20854.31980392153,
    "medianResTime" : 20031.0,
    "minResTime" : 1067.0,
    "maxResTime" : 45409.0,
    "pct1ResTime" : 37682.700000000004,
    "pct2ResTime" : 40526.8,
    "pct3ResTime" : 43718.979999999996,
    "throughput" : 90.23035278298715,
    "receivedKBytesPerSec" : 38.76929973063586,
    "sentKBytesPerSec" : 39.74012607922579
  },
  "Get Updated Booking" : {
    "transaction" : "Get Updated Booking",
    "sampleCount" : 5100,
    "errorCount" : 0,
    "errorPct" : 0.0,
    "meanResTime" : 10404.300392156863,
    "medianResTime" : 10623.5,
    "minResTime" : 747.0,
    "maxResTime" : 31749.0,
    "pct1ResTime" : 13638.900000000001,
    "pct2ResTime" : 13889.0,
    "pct3ResTime" : 14280.96,
    "throughput" : 71.81783617084196,
    "receivedKBytesPerSec" : 29.24613055004013,
    "sentKBytesPerSec" : 15.358240964682523
  },
  "Update" : {
    "transaction" : "Update",
    "sampleCount" : 5100,
    "errorCount" : 0,
    "errorPct" : 0.0,
    "meanResTime" : 19145.349215686263,
    "medianResTime" : 24004.5,
    "minResTime" : 4235.0,
    "maxResTime" : 28393.0,
    "pct1ResTime" : 27269.0,
    "pct2ResTime" : 27366.95,
    "pct3ResTime" : 27446.0,
    "throughput" : 82.60313244035568,
    "receivedKBytesPerSec" : 33.63818967541828,
    "sentKBytesPerSec" : 37.42812084959751
  },
  "Get Booking" : {
    "transaction" : "Get Booking",
    "sampleCount" : 5100,
    "errorCount" : 0,
    "errorPct" : 0.0,
    "meanResTime" : 5772.208235294119,
    "medianResTime" : 3462.5,
    "minResTime" : 267.0,
    "maxResTime" : 14841.0,
    "pct1ResTime" : 14060.900000000001,
    "pct2ResTime" : 14353.9,
    "pct3ResTime" : 14544.99,
    "throughput" : 120.86453692293108,
    "receivedKBytesPerSec" : 48.511059253246756,
    "sentKBytesPerSec" : 25.374748569177175
  },
  "Create Token" : {
    "transaction" : "Create Token",
    "sampleCount" : 5100,
    "errorCount" : 0,
    "errorPct" : 0.0,
    "meanResTime" : 354.4498039215689,
    "medianResTime" : 268.0,
    "minResTime" : 261.0,
    "maxResTime" : 4542.0,
    "pct1ResTime" : 513.0,
    "pct2ResTime" : 976.8499999999958,
    "pct3ResTime" : 1524.9899999999998,
    "throughput" : 121.06250148360908,
    "receivedKBytesPerSec" : 32.039001857478574,
    "sentKBytesPerSec" : 33.694153244949796
  }
}