{
  "Delete Booking" : {
    "transaction" : "Delete Booking",
    "sampleCount" : 5000,
    "errorCount" : 0,
    "errorPct" : 0.0,
    "meanResTime" : 11402.359999999984,
    "medianResTime" : 10925.0,
    "minResTime" : 1499.0,
    "maxResTime" : 20439.0,
    "pct1ResTime" : 18156.800000000003,
    "pct2ResTime" : 20001.95,
    "pct3ResTime" : 20372.96,
    "throughput" : 77.63975155279502,
    "receivedKBytesPerSec" : 18.803377329192546,
    "sentKBytesPerSec" : 18.27263684006211
  },
  "Total" : {
    "transaction" : "Total",
    "sampleCount" : 30000,
    "errorCount" : 0,
    "errorPct" : 0.0,
    "meanResTime" : 8747.54439999995,
    "medianResTime" : 9461.5,
    "minResTime" : 261.0,
    "maxResTime" : 29430.0,
    "pct1ResTime" : 19980.800000000003,
    "pct2ResTime" : 20351.0,
    "pct3ResTime" : 24880.99,
    "throughput" : 400.1654016993691,
    "receivedKBytesPerSec" : 143.54891688564607,
    "sentKBytesPerSec" : 122.12078909282505
  },
  "Create Booking" : {
    "transaction" : "Create Booking",
    "sampleCount" : 5000,
    "errorCount" : 0,
    "errorPct" : 0.0,
    "meanResTime" : 14701.571800000022,
    "medianResTime" : 16048.5,
    "minResTime" : 1377.0,
    "maxResTime" : 29430.0,
    "pct1ResTime" : 21594.800000000007,
    "pct2ResTime" : 22799.0,
    "pct3ResTime" : 26553.949999999997,
    "throughput" : 141.3747278536489,
    "receivedKBytesPerSec" : 60.74695337461476,
    "sentKBytesPerSec" : 62.26562720898013
  },
  "Get Updated Booking" : {
    "transaction" : "Get Updated Booking",
    "sampleCount" : 5000,
    "errorCount" : 0,
    "errorPct" : 0.0,
    "meanResTime" : 6971.076999999987,
    "medianResTime" : 7928.0,
    "minResTime" : 544.0,
    "maxResTime" : 11817.0,
    "pct1ResTime" : 10058.600000000002,
    "pct2ResTime" : 10803.0,
    "pct3ResTime" : 11428.0,
    "throughput" : 83.42370901810295,
    "receivedKBytesPerSec" : 33.97235025444231,
    "sentKBytesPerSec" : 17.841594018520063
  },
  "Update" : {
    "transaction" : "Update",
    "sampleCount" : 5000,
    "errorCount" : 0,
    "errorPct" : 0.0,
    "meanResTime" : 13808.099799999996,
    "medianResTime" : 18007.0,
    "minResTime" : 277.0,
    "maxResTime" : 20815.0,
    "pct1ResTime" : 20238.9,
    "pct2ResTime" : 20343.0,
    "pct3ResTime" : 20406.0,
    "throughput" : 89.28730870194111,
    "receivedKBytesPerSec" : 36.360163797567814,
    "sentKBytesPerSec" : 40.45831175556706
  },
  "Get Booking" : {
    "transaction" : "Get Booking",
    "sampleCount" : 5000,
    "errorCount" : 0,
    "errorPct" : 0.0,
    "meanResTime" : 5300.432999999992,
    "medianResTime" : 4607.5,
    "minResTime" : 265.0,
    "maxResTime" : 11711.0,
    "pct1ResTime" : 10387.900000000001,
    "pct2ResTime" : 11027.95,
    "pct3ResTime" : 11247.929999999998,
    "throughput" : 125.01562695336918,
    "receivedKBytesPerSec" : 50.17717058382298,
    "sentKBytesPerSec" : 26.248398237279662
  },
  "Create Token" : {
    "transaction" : "Create Token",
    "sampleCount" : 5000,
    "errorCount" : 0,
    "errorPct" : 0.0,
    "meanResTime" : 301.7248000000004,
    "medianResTime" : 269.0,
    "minResTime" : 261.0,
    "maxResTime" : 1566.0,
    "pct1ResTime" : 364.0,
    "pct2ResTime" : 413.9499999999998,
    "pct3ResTime" : 603.9599999999991,
    "throughput" : 126.10976594027443,
    "receivedKBytesPerSec" : 33.37475250958434,
    "sentKBytesPerSec" : 35.09890946579903
  }
}