{
  "Delete Booking" : {
    "transaction" : "Delete Booking",
    "sampleCount" : 5300,
    "errorCount" : 0,
    "errorPct" : 0.0,
    "meanResTime" : 11230.638490566018,
    "medianResTime" : 9624.0,
    "minResTime" : 299.0,
    "maxResTime" : 22988.0,
    "pct1ResTime" : 21640.9,
    "pct2ResTime" : 21894.95,
    "pct3ResTime" : 22860.0,
    "throughput" : 73.3767132770317,
    "receivedKBytesPerSec" : 17.770922746781114,
    "sentKBytesPerSec" : 17.269324120863907
  },
  "Total" : {
    "transaction" : "Total",
    "sampleCount" : 31800,
    "errorCount" : 0,
    "errorPct" : 0.0,
    "meanResTime" : 8732.503270440217,
    "medianResTime" : 9529.0,
    "minResTime" : 288.0,
    "maxResTime" : 31869.0,
    "pct1ResTime" : 21633.0,
    "pct2ResTime" : 22443.95,
    "pct3ResTime" : 25068.950000000008,
    "throughput" : 399.2015968063872,
    "receivedKBytesPerSec" : 143.20317697937458,
    "sentKBytesPerSec" : 121.82665918163671
  },
  "Create Booking" : {
    "transaction" : "Create Booking",
    "sampleCount" : 5300,
    "errorCount" : 0,
    "errorPct" : 0.0,
    "meanResTime" : 12951.453962264166,
    "medianResTime" : 12291.5,
    "minResTime" : 1568.0,
    "maxResTime" : 31869.0,
    "pct1ResTime" : 19950.9,
    "pct2ResTime" : 24860.249999999996,
    "pct3ResTime" : 29483.719999999994,
    "throughput" : 144.22946090837345,
    "receivedKBytesPerSec" : 61.973596484066725,
    "sentKBytesPerSec" : 63.5229363961684
  },
  "Get Updated Booking" : {
    "transaction" : "Get Updated Booking",
    "sampleCount" : 5300,
    "errorCount" : 0,
    "errorPct" : 0.0,
    "meanResTime" : 7084.769245283045,
    "medianResTime" : 7617.0,
    "minResTime" : 290.0,
    "maxResTime" : 13643.0,
    "pct1ResTime" : 9912.900000000001,
    "pct2ResTime" : 12385.95,
    "pct3ResTime" : 13417.99,
    "throughput" : 78.40468652918725,
    "receivedKBytesPerSec" : 31.92847097917098,
    "sentKBytesPerSec" : 16.768189794816415
  },
  "Update" : {
    "transaction" : "Update",
    "sampleCount" : 5300,
    "errorCount" : 0,
    "errorPct" : 0.0,
    "meanResTime" : 14534.513773584915,
    "medianResTime" : 18420.0,
    "minResTime" : 294.0,
    "maxResTime" : 22985.0,
    "pct1ResTime" : 22501.9,
    "pct2ResTime" : 22768.0,
    "pct3ResTime" : 22932.989999999998,
    "throughput" : 85.9162235767086,
    "receivedKBytesPerSec" : 34.987368390124495,
    "sentKBytesPerSec" : 38.930788808196084
  },
  "Get Booking" : {
    "transaction" : "Get Booking",
    "sampleCount" : 5300,
    "errorCount" : 0,
    "errorPct" : 0.0,
    "meanResTime" : 6208.187169811334,
    "medianResTime" : 7226.0,
    "minResTime" : 290.0,
    "maxResTime" : 13680.0,
    "pct1ResTime" : 12347.7,
    "pct2ResTime" : 12974.249999999996,
    "pct3ResTime" : 13592.97,
    "throughput" : 118.30885307379793,
    "receivedKBytesPerSec" : 47.48529161458101,
    "sentKBytesPerSec" : 24.84023770592437
  },
  "Create Token" : {
    "transaction" : "Create Token",
    "sampleCount" : 5300,
    "errorCount" : 0,
    "errorPct" : 0.0,
    "meanResTime" : 385.4569811320752,
    "medianResTime" : 306.0,
    "minResTime" : 288.0,
    "maxResTime" : 6302.0,
    "pct1ResTime" : 383.90000000000055,
    "pct2ResTime" : 529.9499999999998,
    "pct3ResTime" : 2581.819999999996,
    "throughput" : 118.31149407326383,
    "receivedKBytesPerSec" : 31.310952044779786,
    "sentKBytesPerSec" : 32.92849200281269
  }
}