{
  "Delete Booking" : {
    "transaction" : "Delete Booking",
    "sampleCount" : 5600,
    "errorCount" : 102,
    "errorPct" : 1.8214285,
    "meanResTime" : 20398.627857142837,
    "medianResTime" : 20391.0,
    "minResTime" : 1539.0,
    "maxResTime" : 30733.0,
    "pct1ResTime" : 26146.9,
    "pct2ResTime" : 28752.9,
    "pct3ResTime" : 30327.0,
    "throughput" : 71.51248914542575,
    "receivedKBytesPerSec" : 17.90793994148107,
    "sentKBytesPerSec" : 16.818504335444654
  },
  "Total" : {
    "transaction" : "Total",
    "sampleCount" : 33600,
    "errorCount" : 3218,
    "errorPct" : 9.577381,
    "meanResTime" : 13360.63601190486,
    "medianResTime" : 16069.0,
    "minResTime" : 0.0,
    "maxResTime" : 34897.0,
    "pct1ResTime" : 30309.0,
    "pct2ResTime" : 30339.0,
    "pct3ResTime" : 30479.0,
    "throughput" : 324.23669278573357,
    "receivedKBytesPerSec" : 136.2086339629492,
    "sentKBytesPerSec" : 97.22894029605898
  },
  "Create Booking" : {
    "transaction" : "Create Booking",
    "sampleCount" : 5600,
    "errorCount" : 0,
    "errorPct" : 0.0,
    "meanResTime" : 13175.05589285715,
    "medianResTime" : 14371.0,
    "minResTime" : 1251.0,
    "maxResTime" : 34897.0,
    "pct1ResTime" : 18724.300000000003,
    "pct2ResTime" : 23131.449999999997,
    "pct3ResTime" : 24492.0,
    "throughput" : 120.72868384175919,
    "receivedKBytesPerSec" : 51.855226635765874,
    "sentKBytesPerSec" : 53.1724964967123
  },
  "Get Updated Booking" : {
    "transaction" : "Get Updated Booking",
    "sampleCount" : 5600,
    "errorCount" : 817,
    "errorPct" : 14.589286,
    "meanResTime" : 11670.093750000002,
    "medianResTime" : 13946.5,
    "minResTime" : 0.0,
    "maxResTime" : 32839.0,
    "pct1ResTime" : 14805.0,
    "pct2ResTime" : 15373.95,
    "pct3ResTime" : 15888.919999999998,
    "throughput" : 75.88590012873502,
    "receivedKBytesPerSec" : 49.17162568178738,
    "sentKBytesPerSec" : 13.852246934074124
  },
  "Update" : {
    "transaction" : "Update",
    "sampleCount" : 5600,
    "errorCount" : 2299,
    "errorPct" : 41.05357,
    "meanResTime" : 27455.26642857138,
    "medianResTime" : 30221.0,
    "minResTime" : 357.0,
    "maxResTime" : 31418.0,
    "pct1ResTime" : 30357.0,
    "pct2ResTime" : 30441.0,
    "pct3ResTime" : 31008.98,
    "throughput" : 79.58388994684933,
    "receivedKBytesPerSec" : 41.91059680367649,
    "sentKBytesPerSec" : 36.04801590967229
  },
  "Get Booking" : {
    "transaction" : "Get Booking",
    "sampleCount" : 5600,
    "errorCount" : 0,
    "errorPct" : 0.0,
    "meanResTime" : 7095.652321428569,
    "medianResTime" : 6668.5,
    "minResTime" : 297.0,
    "maxResTime" : 16809.0,
    "pct1ResTime" : 15203.0,
    "pct2ResTime" : 16102.95,
    "pct3ResTime" : 16491.989999999998,
    "throughput" : 124.33392539964476,
    "receivedKBytesPerSec" : 49.90355794849023,
    "sentKBytesPerSec" : 26.0842792517762
  },
  "Create Token" : {
    "transaction" : "Create Token",
    "sampleCount" : 5600,
    "errorCount" : 0,
    "errorPct" : 0.0,
    "meanResTime" : 369.1198214285714,
    "medianResTime" : 327.0,
    "minResTime" : 291.0,
    "maxResTime" : 2107.0,
    "pct1ResTime" : 552.0,
    "pct2ResTime" : 591.9499999999998,
    "pct3ResTime" : 1141.0,
    "throughput" : 124.98884028211766,
    "receivedKBytesPerSec" : 33.0781012855995,
    "sentKBytesPerSec" : 34.78693308633157
  }
}