{
  "Delete Booking" : {
    "transaction" : "Delete Booking",
    "sampleCount" : 6000,
    "errorCount" : 2752,
    "errorPct" : 45.866665,
    "meanResTime" : 22683.563000000002,
    "medianResTime" : 29397.5,
    "minResTime" : 312.0,
    "maxResTime" : 37772.0,
    "pct1ResTime" : 31306.0,
    "pct2ResTime" : 31540.0,
    "pct3ResTime" : 32233.0,
    "throughput" : 35.71067213436736,
    "receivedKBytesPerSec" : 16.118532648482,
    "sentKBytesPerSec" : 8.402208509778772
  },
  "Total" : {
    "transaction" : "Total",
    "sampleCount" : 36000,
    "errorCount" : 7662,
    "errorPct" : 21.283333,
    "meanResTime" : 13530.380583333283,
    "medianResTime" : 19237.5,
    "minResTime" : 0.0,
    "maxResTime" : 159360.0,
    "pct1ResTime" : 30785.800000000017,
    "pct2ResTime" : 31238.0,
    "pct3ResTime" : 31883.960000000006,
    "throughput" : 194.86529936181614,
    "receivedKBytesPerSec" : 95.23870766585202,
    "sentKBytesPerSec" : 57.762242260193894
  },
  "Create Booking" : {
    "transaction" : "Create Booking",
    "sampleCount" : 6000,
    "errorCount" : 0,
    "errorPct" : 0.0,
    "meanResTime" : 13005.31833333335,
    "medianResTime" : 13106.5,
    "minResTime" : 1229.0,
    "maxResTime" : 159360.0,
    "pct1ResTime" : 18204.200000000004,
    "pct2ResTime" : 19545.8,
    "pct3ResTime" : 21479.94,
    "throughput" : 32.96703296703297,
    "receivedKBytesPerSec" : 14.163348858173077,
    "sentKBytesPerSec" : 14.519660027472527
  },
  "Get Updated Booking" : {
    "transaction" : "Get Updated Booking",
    "sampleCount" : 6000,
    "errorCount" : 1467,
    "errorPct" : 24.45,
    "meanResTime" : 11083.789499999993,
    "medianResTime" : 13437.5,
    "minResTime" : 0.0,
    "maxResTime" : 21622.0,
    "pct1ResTime" : 19819.9,
    "pct2ResTime" : 19931.95,
    "pct3ResTime" : 20128.98,
    "throughput" : 35.45177377041431,
    "receivedKBytesPerSec" : 28.759351328555223,
    "sentKBytesPerSec" : 5.726828988398407
  },
  "Update" : {
    "transaction" : "Update",
    "sampleCount" : 6000,
    "errorCount" : 3443,
    "errorPct" : 57.383335,
    "meanResTime" : 24356.393500000075,
    "medianResTime" : 30299.0,
    "minResTime" : 363.0,
    "maxResTime" : 31793.0,
    "pct1ResTime" : 30343.0,
    "pct2ResTime" : 30438.95,
    "pct3ResTime" : 31101.989999999998,
    "throughput" : 35.05471456698664,
    "receivedKBytesPerSec" : 20.129154257541146,
    "sentKBytesPerSec" : 15.881856802586453
  },
  "Get Booking" : {
    "transaction" : "Get Booking",
    "sampleCount" : 6000,
    "errorCount" : 0,
    "errorPct" : 0.0,
    "meanResTime" : 9362.852999999996,
    "medianResTime" : 8570.5,
    "minResTime" : 318.0,
    "maxResTime" : 22154.0,
    "pct1ResTime" : 19166.7,
    "pct2ResTime" : 19895.0,
    "pct3ResTime" : 20143.0,
    "throughput" : 34.883315310287095,
    "receivedKBytesPerSec" : 14.001018156765618,
    "sentKBytesPerSec" : 7.3218341483674605
  },
  "Create Token" : {
    "transaction" : "Create Token",
    "sampleCount" : 6000,
    "errorCount" : 0,
    "errorPct" : 0.0,
    "meanResTime" : 690.366166666667,
    "medianResTime" : 361.0,
    "minResTime" : 291.0,
    "maxResTime" : 7282.0,
    "pct1ResTime" : 1193.9000000000005,
    "pct2ResTime" : 1415.8499999999995,
    "pct3ResTime" : 6063.0,
    "throughput" : 34.88514067432977,
    "receivedKBytesPerSec" : 9.23229797142907,
    "sentKBytesPerSec" : 9.709243254085923
  }
}