{
  "Delete Booking" : {
    "transaction" : "Delete Booking",
    "sampleCount" : 5400,
    "errorCount" : 0,
    "errorPct" : 0.0,
    "meanResTime" : 23331.25425925918,
    "medianResTime" : 24103.0,
    "minResTime" : 4890.0,
    "maxResTime" : 29377.0,
    "pct1ResTime" : 25849.800000000003,
    "pct2ResTime" : 26043.5,
    "pct3ResTime" : 27513.859999999997,
    "throughput" : 89.76213035456041,
    "receivedKBytesPerSec" : 21.7392659452451,
    "sentKBytesPerSec" : 21.15680880562343
  },
  "Total" : {
    "transaction" : "Total",
    "sampleCount" : 32400,
    "errorCount" : 40,
    "errorPct" : 0.12345679,
    "meanResTime" : 14580.944969135755,
    "medianResTime" : 20418.0,
    "minResTime" : 41.0,
    "maxResTime" : 31062.0,
    "pct1ResTime" : 29572.0,
    "pct2ResTime" : 29913.0,
    "pct3ResTime" : 30322.99,
    "throughput" : 311.4546083746684,
    "receivedKBytesPerSec" : 112.11786692945648,
    "sentKBytesPerSec" : 95.07918503612008
  },
  "Create Booking" : {
    "transaction" : "Create Booking",
    "sampleCount" : 5400,
    "errorCount" : 0,
    "errorPct" : 0.0,
    "meanResTime" : 14166.482962962984,
    "medianResTime" : 15641.5,
    "minResTime" : 1212.0,
    "maxResTime" : 24791.0,
    "pct1ResTime" : 21804.9,
    "pct2ResTime" : 22315.95,
    "pct3ResTime" : 23153.829999999994,
    "throughput" : 123.46243541085555,
    "receivedKBytesPerSec" : 53.09311178923362,
    "sentKBytesPerSec" : 54.376521845992045
  },
  "Get Updated Booking" : {
    "transaction" : "Get Updated Booking",
    "sampleCount" : 5400,
    "errorCount" : 20,
    "errorPct" : 0.37037036,
    "meanResTime" : 14248.087222222244,
    "medianResTime" : 14194.5,
    "minResTime" : 41.0,
    "maxResTime" : 16682.0,
    "pct1ResTime" : 14888.0,
    "pct2ResTime" : 15146.9,
    "pct3ResTime" : 15887.97,
    "throughput" : 76.55556658207749,
    "receivedKBytesPerSec" : 31.64396433786523,
    "sentKBytesPerSec" : 16.33841658455846
  },
  "Update" : {
    "transaction" : "Update",
    "sampleCount" : 5400,
    "errorCount" : 20,
    "errorPct" : 0.37037036,
    "meanResTime" : 28825.832592592556,
    "medianResTime" : 29234.0,
    "minResTime" : 2686.0,
    "maxResTime" : 31062.0,
    "pct1ResTime" : 30012.0,
    "pct2ResTime" : 30175.9,
    "pct3ResTime" : 30551.0,
    "throughput" : 88.6743189319671,
    "receivedKBytesPerSec" : 36.20611442271376,
    "sentKBytesPerSec" : 40.21132442382219
  },
  "Get Booking" : {
    "transaction" : "Get Booking",
    "sampleCount" : 5400,
    "errorCount" : 0,
    "errorPct" : 0.0,
    "meanResTime" : 6495.702592592594,
    "medianResTime" : 5805.0,
    "minResTime" : 387.0,
    "maxResTime" : 16611.0,
    "pct1ResTime" : 13343.900000000001,
    "pct2ResTime" : 15560.95,
    "pct3ResTime" : 16259.99,
    "throughput" : 145.24328249818447,
    "receivedKBytesPerSec" : 58.29588779956427,
    "sentKBytesPerSec" : 30.545821187700042
  },
  "Create Token" : {
    "transaction" : "Create Token",
    "sampleCount" : 5400,
    "errorCount" : 0,
    "errorPct" : 0.0,
    "meanResTime" : 418.31018518518397,
    "medianResTime" : 304.0,
    "minResTime" : 299.0,
    "maxResTime" : 1573.0,
    "pct1ResTime" : 791.9000000000005,
    "pct2ResTime" : 904.0,
    "pct3ResTime" : 1546.9899999999998,
    "throughput" : 150.78744554897798,
    "receivedKBytesPerSec" : 39.90566185915336,
    "sentKBytesPerSec" : 41.967208966268295
  }
}