{
  "Delete Booking" : {
    "transaction" : "Delete Booking",
    "sampleCount" : 5500,
    "errorCount" : 224,
    "errorPct" : 4.072727,
    "meanResTime" : 16369.399999999983,
    "medianResTime" : 15835.0,
    "minResTime" : 322.0,
    "maxResTime" : 34047.0,
    "pct1ResTime" : 28760.9,
    "pct2ResTime" : 30243.95,
    "pct3ResTime" : 30804.949999999997,
    "throughput" : 28.192260968070983,
    "receivedKBytesPerSec" : 7.351452414026419,
    "sentKBytesPerSec" : 6.63407150069968
  },
  "Total" : {
    "transaction" : "Total",
    "sampleCount" : 33000,
    "errorCount" : 1038,
    "errorPct" : 3.1454546,
    "meanResTime" : 12528.877575757619,
    "medianResTime" : 14641.0,
    "minResTime" : 0.0,
    "maxResTime" : 205009.0,
    "pct1ResTime" : 29736.9,
    "pct2ResTime" : 30315.0,
    "pct3ResTime" : 31408.94000000001,
    "throughput" : 155.4506656114864,
    "receivedKBytesPerSec" : 58.264236174900844,
    "sentKBytesPerSec" : 47.293974321493174
  },
  "Create Booking" : {
    "transaction" : "Create Booking",
    "sampleCount" : 5500,
    "errorCount" : 0,
    "errorPct" : 0.0,
    "meanResTime" : 16804.106727272734,
    "medianResTime" : 15514.5,
    "minResTime" : 1244.0,
    "maxResTime" : 205009.0,
    "pct1ResTime" : 27396.600000000006,
    "pct2ResTime" : 32468.549999999992,
    "pct3ResTime" : 37960.0,
    "throughput" : 26.240332822839587,
    "receivedKBytesPerSec" : 11.274192543213058,
    "sentKBytesPerSec" : 11.557021585059232
  },
  "Get Updated Booking" : {
    "transaction" : "Get Updated Booking",
    "sampleCount" : 5500,
    "errorCount" : 141,
    "errorPct" : 2.5636363,
    "meanResTime" : 10891.726727272726,
    "medianResTime" : 12006.0,
    "minResTime" : 0.0,
    "maxResTime" : 69981.0,
    "pct1ResTime" : 15537.900000000001,
    "pct2ResTime" : 16345.95,
    "pct3ResTime" : 17021.98,
    "throughput" : 28.115590861921778,
    "receivedKBytesPerSec" : 12.640394244482954,
    "sentKBytesPerSec" : 5.8578324365098835
  },
  "Update" : {
    "transaction" : "Update",
    "sampleCount" : 5500,
    "errorCount" : 673,
    "errorPct" : 12.236363,
    "meanResTime" : 21874.71218181826,
    "medianResTime" : 27203.5,
    "minResTime" : 309.0,
    "maxResTime" : 39290.0,
    "pct1ResTime" : 30334.0,
    "pct2ResTime" : 30707.9,
    "pct3ResTime" : 31826.92,
    "throughput" : 27.900370314005986,
    "receivedKBytesPerSec" : 12.355296552401969,
    "sentKBytesPerSec" : 12.641344702734237
  },
  "Get Booking" : {
    "transaction" : "Get Booking",
    "sampleCount" : 5500,
    "errorCount" : 0,
    "errorPct" : 0.0,
    "meanResTime" : 8604.327636363645,
    "medianResTime" : 8391.5,
    "minResTime" : 322.0,
    "maxResTime" : 27734.0,
    "pct1ResTime" : 16340.0,
    "pct2ResTime" : 16652.0,
    "pct3ResTime" : 17581.869999999995,
    "throughput" : 27.896266465137277,
    "receivedKBytesPerSec" : 11.196646012862715,
    "sentKBytesPerSec" : 5.856115812618242
  },
  "Create Token" : {
    "transaction" : "Create Token",
    "sampleCount" : 5500,
    "errorCount" : 0,
    "errorPct" : 0.0,
    "meanResTime" : 628.9921818181807,
    "medianResTime" : 331.0,
    "minResTime" : 292.0,
    "maxResTime" : 23923.0,
    "pct1ResTime" : 1185.0,
    "pct2ResTime" : 1803.0,
    "pct3ResTime" : 4275.789999999995,
    "throughput" : 27.898388994846407,
    "receivedKBytesPerSec" : 7.383265056253297,
    "sentKBytesPerSec" : 7.764688343292213
  }
}