{
  "Delete Booking" : {
    "transaction" : "Delete Booking",
    "sampleCount" : 5200,
    "errorCount" : 0,
    "errorPct" : 0.0,
    "meanResTime" : 13200.572307692328,
    "medianResTime" : 13240.5,
    "minResTime" : 266.0,
    "maxResTime" : 24652.0,
    "pct1ResTime" : 23774.7,
    "pct2ResTime" : 24272.95,
    "pct3ResTime" : 24569.98,
    "throughput" : 74.5562469532303,
    "receivedKBytesPerSec" : 18.056591058985465,
    "sentKBytesPerSec" : 17.543302774531874
  },
  "Total" : {
    "transaction" : "Total",
    "sampleCount" : 31200,
    "errorCount" : 0,
    "errorPct" : 0.0,
    "meanResTime" : 9795.116185897468,
    "medianResTime" : 11307.0,
    "minResTime" : 261.0,
    "maxResTime" : 32182.0,
    "pct1ResTime" : 23734.0,
    "pct2ResTime" : 24507.95,
    "pct3ResTime" : 26862.980000000003,
    "throughput" : 379.5066413662239,
    "receivedKBytesPerSec" : 136.13504805031502,
    "sentKBytesPerSec" : 115.80392955103878
  },
  "Create Booking" : {
    "transaction" : "Create Booking",
    "sampleCount" : 5200,
    "errorCount" : 0,
    "errorPct" : 0.0,
    "meanResTime" : 15366.534615384635,
    "medianResTime" : 16383.0,
    "minResTime" : 1055.0,
    "maxResTime" : 32182.0,
    "pct1ResTime" : 25135.0,
    "pct2ResTime" : 26248.699999999997,
    "pct3ResTime" : 29672.399999999987,
    "throughput" : 135.3778865429174,
    "receivedKBytesPerSec" : 58.16360079957564,
    "sentKBytesPerSec" : 59.62444026450756
  },
  "Get Updated Booking" : {
    "transaction" : "Get Updated Booking",
    "sampleCount" : 5200,
    "errorCount" : 0,
    "errorPct" : 0.0,
    "meanResTime" : 8470.500961538437,
    "medianResTime" : 8868.5,
    "minResTime" : 264.0,
    "maxResTime" : 13728.0,
    "pct1ResTime" : 12264.900000000001,
    "pct2ResTime" : 13271.95,
    "pct3ResTime" : 13467.99,
    "throughput" : 78.52849678335195,
    "receivedKBytesPerSec" : 31.978889803376724,
    "sentKBytesPerSec" : 16.79084909409073
  },
  "Update" : {
    "transaction" : "Update",
    "sampleCount" : 5200,
    "errorCount" : 0,
    "errorPct" : 0.0,
    "meanResTime" : 15901.59903846154,
    "medianResTime" : 20196.0,
    "minResTime" : 269.0,
    "maxResTime" : 24673.0,
    "pct1ResTime" : 24213.200000000015,
    "pct2ResTime" : 24527.0,
    "pct3ResTime" : 24604.989999999998,
    "throughput" : 86.8026574967449,
    "receivedKBytesPerSec" : 35.34834782826428,
    "sentKBytesPerSec" : 39.32823206878276
  },
  "Get Booking" : {
    "transaction" : "Get Booking",
    "sampleCount" : 5200,
    "errorCount" : 0,
    "errorPct" : 0.0,
    "meanResTime" : 5343.16288461537,
    "medianResTime" : 3577.5,
    "minResTime" : 262.0,
    "maxResTime" : 13724.0,
    "pct1ResTime" : 12779.800000000001,
    "pct2ResTime" : 13435.95,
    "pct3ResTime" : 13624.0,
    "throughput" : 127.23268901394665,
    "receivedKBytesPerSec" : 51.067026547589926,
    "sentKBytesPerSec" : 26.7077060267311
  },
  "Create Token" : {
    "transaction" : "Create Token",
    "sampleCount" : 5200,
    "errorCount" : 0,
    "errorPct" : 0.0,
    "meanResTime" : 488.3273076923066,
    "medianResTime" : 268.0,
    "minResTime" : 261.0,
    "maxResTime" : 8359.0,
    "pct1ResTime" : 378.90000000000055,
    "pct2ResTime" : 1055.6499999999987,
    "pct3ResTime" : 6081.99,
    "throughput" : 127.36045457885325,
    "receivedKBytesPerSec" : 33.705745303583235,
    "sentKBytesPerSec" : 35.447001518528495
  }
}